<?xml version="1.0" encoding="UTF-8"?>
<beans xmlns="http://www.springframework.org/schema/beans"
	xmlns:xsi="http://www.w3.org/2001/XMLSchema-instance"
	xsi:schemaLocation="http://www.springframework.org/schema/beans https://www.springframework.org/schema/beans/spring-beans.xsd">
	
	<!-- Root Context: defines shared resources visible to all other web components -->
	
	<bean class="org.apache.commons.dbcp.BasicDataSource" id="ds">
		<property name="driverClassName" value="oracle.jdbc.driver.OracleDriver"></property>
		<property name="url" value="jdbc:oracle:thin:@Localhost:1521:xe"></property>
		<property name="username" value="S0"></property>
		<property name="password" value="S0"></property>
	</bean>
	<bean class="org.mybatis.spring.SqlSessionFactoryBean" id="sqlSessionFactory">
		<property name="dataSource" ref="ds"></property>
		<property name="configLocation" value="classpath:mybatis-config.xml"></property>
	</bean>
	
	<bean class="org.mybatis.spring.SqlSessionTemplate" id="sqlSession">
		<constructor-arg ref="sqlSessionFactory"></constructor-arg>
	</bean>
	
	
	
	
	
	
	
	
	
	
	
	
	
	
	
	
	
	
	
	
	
	
	<!-- <bean class="org.springframework.web.servlet.handler.SimpleUrlHandlerMapping">
	<property name="mappings">
	<props>
		<prop key="">aaa</prop>
	</props>
	</property>
	</bean>	 -->
		
		<!-- <bean class="kh.exam.s02.notice.model.vo.NoticeVo" id="nvo1">
			<property name="btitle" value="abc"/>
			<property name="brelevel" value="1"/>
		</bean>

		<bean class="kh.exam.s02.notice.model.vo.NoticeVo" id="nvo2">
			<constructor-arg name="bno" value="111" index="0"></constructor-arg>
			<constructor-arg name="btitle" value="abc" index="1"></constructor-arg>
		</bean> -->
</beans>
